MEAL_CLSF_NM,MEAL_NM,COOK_MTH_CONT,MATRL_NM,CALORIE_QY,CARBOH_QY,PROTEIN_QY,FAT_QY,CELLU_QY,CALCIUM_QY,PHOSPH_QY,FE_QY,NATRIUM_QY,POTASSIUM_QY,VITAMINA_QY,THIAMIN_QY,RIBOFLAMIN_QY,NIACIN_QY,VITAMINC_QY,MEAL_PICTR_FILE_NM
"구이류","가자미구이","① 가자미는 잘 다듬어 칼집을 내어 소금을 뿌려 놓는다.<br>② 손질한 가자미는 물에 한 번 씻어 노릇노릇하고 깨끗하게 굽는다.","가자미, 생것, 가자미 30g, 소금, 식염 0.5g, 콩기름 3g, ","65.2","0.1","6.6","4.1","0.0","12.2","58.8","0.2","237.0","113.8","2.4","0.0","0.1","1.3","0.6","6008.jpg"
"구이류","가자미유자청구이","① 가자미는 잘 손질하여 소금물에 씻은 다음 물기를 뺀다.<br>② 손질한 가자미에 소금을 뿌려 밑간을 한다.<br>③ 볼에 소스(가다랭이 국물, 유자청, 다진 마늘, 청주, 생강즙, 소금)를 넣고 골고루 섞어 유자청 소스를 만든다.<br>④ 팬에 식용유를 두르고 달궈지면 밑간한 가자미를 앞뒤로 굽는다.<br>⑤ 노릇하게 구워진 가자미에 유자청소스를 덧발라 구워 향긋한 유자 향이 배도록 한다.","가자미, 생것, 가자미 30g, 소금, 식염 0.5g, 콩기름 3g, 가다랭이, 삶은국물 10g, 유자차 5g, 마늘, 구근, 생것 0.5g, 청주 1g, 생강, 구근, 국내산 1g, ","80.0","3.5","6.7","4.1","0.2","13.8","60.6","0.3","237.2","124.2","2.4","0.1","0.1","1.3","2.4","6009.jpg"
"구이류","고등어카레구이","① 고등어는 깨끗이 잘 손질하여 준비한다.<br>② 카레가루와 밀가루를 섞어 체에 담고 고등어에 뿌려 고등어 앞, 뒤로 고루 묻혀 가루가 촉촉하게 스며들게 둔다.<br>③ 달군 팬에 기름을 두르고 약한불에서 앞, 뒤 노릇하게 굽는다.","고등어, 생것 25g, 카레분말 1g, 밀가공식품, 밀가루, 중력분 1g, 콩기름 3g, ","101.6","1.4","5.0","8.4","0.4","6.8","52.4","0.4","56.8","71.2","10.3","0.0","0.1","1.9","0.2","6010.jpg"
"구이류","돈육찹쌀구이","① 적당량 썰은 돼지고기에 간장, 설탕, 후추, 참기름, 다진마늘로 간을 해둔다.<br>② 재워둔 고기에 양념이 베이면 찹쌀가루를 묻혀둔다.<br>③ 찹쌀가루가 고기에 스며들면 팬에 노릇하게 굽는다.","돼지고기, 등심, 날것 20g, 찹쌀가루 2.5g, 마늘, 구근, 생것 1g, 간장, 왜간장 1g, 콩기름 0.5g, 설탕, 백설탕 0.5g, 후추, 분말 0.01g, 콩기름 1g, ","73.6","2.9","4.6","4.7","0.1","2.3","44.7","0.4","70.3","74.0","1.0","0.1","0.0","1.2","0.5","6011.jpg"
"구이류","삼겹살구이","① 달궈진 팬에 삼겹살을 노릇노릇 굽는다.<br>② 구워진 삼겹살에 소금, 후추가루를 뿌려 완성한다.","돼지고기, 삼겹살 25g, 소금, 식염 0.3g, 후추, 분말 0.01g, ","82.8","0.1","4.3","7.1","0.0","2.2","33.0","0.2","111.8","51.0","1.5","0.2","0.1","1.1","0.2","6012.jpg"
"구이류","삼치데리야끼구이","① 삼치는 포를 뜨고 토막으로 잘라 소금 간하고 밀가루를 골고루 묻힌다.<br>② 미림, 간장, 물엿, 설탕, 후추를 섞어 데리소스를 만든다.<br>③ 삼치를 노릇하게 굽다가 데리소스를 끼얹으면서 조금 더 익힌다.","삼치, 생것 30g, 밀가공식품, 밀가루, 중력분 2g, 콩기름 3g, 간장, 왜간장 3g, 미림 2g, 소금, 식염 0.1g, 후추, 분말 0.01g, 설탕, 백설탕 1g, 엿, 물엿 1g, ","98.3","4.3","6.2","6.2","0.1","6.2","76.7","0.2","242.2","110.7","14.7","0.0","0.1","1.5","0.0","6013.jpg"
"구이류","양송이치즈구이","① 양송이버섯은 기둥을 떼어 깨끗이 씻은 후 물기를 닦아낸다.<br>② 양파, 마늘, 양송이버섯 기둥을 잘게 다진다.<br>③ 다진 쇠고기와 ②의 재료를 기름에 살짝 볶는다.<br>④ ③에 토마토케첩을 넣어 걸쭉한 소스가 되도록 볶은 뒤 소금, 후추가루로 양념한다.<br>⑤ 기둥을 떼어놓은 양송이에 토마토케첩에 볶은 4의 재료를 채운다. 언 치즈가 약간 녹을 정도로 굽는다.<br>⑥ 치즈는 1cm 폭으로 채썰어 속을 채운 양송이 위에 얹어 전자레인지나 오븐, 오븐 토스터에 넣어 치즈가 약간 녹을 정도로 굽는다.","양송이, 생것 18g, 쇠고기, 한우, 우둔 7g, 치즈, 가공치즈 20g, 양파, 생것, 국내산 7g, 마늘, 구근, 생것 1g, 콩기름 3g, 토마토케찹 3g, 소금, 식염 0.2g, 후추, 분말 0.01g, ","108.6","3.0","6.1","8.2","0.4","104.0","204.3","0.5","337.6","165.1","51.0","0.0","0.2","1.2","1.9","6014.jpg"
"구이류","조기구이","① 깨끗이 손질한 조기에 밀가루를 입힌다.<br>② 달궈진 팬에 식용유를 두르고 조기를 노릇하게 굽는다.","조기, 생것 50g, 밀가공식품, 밀가루, 중력분 3g, 콩기름 3g, ","105.4","2.3","9.9","6.1","0.1","39.1","100.5","0.5","186.6","130.4","7.5","0.0","0.1","0.5","0.5","6015.jpg"
"조림류","소시지케찹조림","① 식용유를 팬에 약간 두르고 칼집을 넣은 소시지와 케첩을 넣어 조린다.","돼지고기, 돼지고기가공품, 소시지, 건조 24g, 토마토케찹 2.5g, 콩기름 1g, ","132.0","1.4","6.1","10.8","0.0","4.0","63.2","0.9","416.4","136.0","3.3","0.0","0.1","1.2","2.9","7001.jpg"
"조림류","두부조림","① 두부를 적당한 크기로 썰고 팬에 살짝 구운 후 진간장, 고춧가루, 깨소금, 다진 파, 마늘을 넣어 조린다.","두부, 두부 50g, 간장, 왜간장 3g, 고추가루 0.1g, 깨소금 0.2g, 파, 대파 1g, 마늘, 구근, 생것 0.5g, 콩기름 1g, ","52.2","1.9","4.5","2.9","1.4","84.1","52.5","1.4","186.6","20.5","4.7","0.0","0.0","0.4","0.3","7002.jpg"
"조림류","돼지고기장조림","① 돼지고기를 삶은 후, 적당한 크기로 썰어준다.<br>② 양념을 만든다.<br>③ 돼지고기를 양념에 넣고 윤기나게 조린다.","돼지고기, 사태, 날것 45g, 간장, 왜간장 2g, 청주 1g, 마늘, 구근, 생것 1g, 생강, 구근, 국내산 0.5g, 깨소금 0.2g, 후추, 분말 0.01g, ","126.3","0.5","8.0","9.6","0.1","6.2","93.0","0.5","148.3","144.9","0.9","0.3","0.1","1.8","0.6","7003.jpg"
"조림류","연근조림","① 연근을 적당한 크기로 썬 다음 데쳐낸다. ② 진간장, 물엿, 청주, 마늘, 깨소금, 참기름을 넣어 양념을 만든 후 연근을 넣어 조린다.","연근, 생것 15g, 간장, 왜간장 2g, 엿, 물엿 4g, 청주 1g, 마늘, 구근, 생것 1g, 깨소금 0.2g, 참기름 0.2g, ","28.0","5.8","0.6","0.3","0.5","6.7","16.5","0.2","129.0","71.5","0.0","0.0","0.0","0.1","8.6","7004.jpg"
"조림류","고등어조림","① 고등어를 깨끗하게 손질한다.<br>② 냄비에 무를 깔고 고등어와 양념장을 넣고 조려준다.","고등어, 생것 30g, 무, 조선무, 뿌리 6g, 간장, 재래간장 1g, 간장, 왜간장 0.5g, 양파, 생것, 국내산 2g, 고추장 1g, 고추가루 0.1g, 된장, 된장 0.5g, 설탕, 백설탕 0.3g, ","88.3","1.4","6.1","6.3","0.2","10.5","67.3","0.5","166.2","107.9","19.7","0.0","0.2","2.4","1.4","7005.jpg"
"조림류","쇠고기장조림","① 쇠고기를 삶은 후, 적당한 크기로 썬다.<br>② 양념장을 만든다.<br>③ 쇠고기를 양념에 넣고 윤기나게 조린다.","쇠고기, 수입우, 등심 20g, 간장, 왜간장 2g, 엿, 물엿 2g, 고추, 꽈리고추 1g, 청주 1g, 설탕, 백설탕 1g, 마늘, 구근, 생것 0.5g, 후추, 분말 0.01g, ","50.1","2.8","3.8","2.5","0.1","2.3","36.2","0.5","129.0","65.2","3.7","0.0","0.0","1.0","0.9","7006.jpg"
"조림류","삼치조림","① 삼치는 깨끗하게 손질한다.<br>② 튀김가루와 전분을 섞어 삼치에 묻힌 후, 삼치를 식용유에서 튀긴다.<br>③ 양념장을 졸인 후 삼치를 넣고 만들어 완성한다.","삼치, 생것 50g, 밀가공식품, 밀가루, 튀김가루 3g, 전분, 감자녹말 1g, 콩기름 2g, 간장, 왜간장 2g, 설탕, 백설탕 1g, 고추가루 0.1g, 청주 1g, 파, 대파 1g, 마늘, 구근, 생것 0.5g, 생강, 구근, 국내산 0.3g, ","127.1","4.6","10.1","7.4","0.2","10.9","128.6","0.2","200.7","180.9","29.2","0.0","0.1","2.4","0.3","7007.jpg"
"조림류","갈치조림","① 갈치를 깨끗하게 손질한다.<br>② 냄비에 무, 양파를 깔고 갈치, 양념장, 파, 물을 넣고 조려준다.","갈치, 생것 45g, 무, 조선무, 뿌리 10g, 양파, 생것, 국내산 3g, 파, 대파 1g, 간장, 재래간장 2g, 고추장 1g, 설탕, 백설탕 0.5g, 고추가루 0.1g, 청주 1g, 생강, 구근, 국내산 0.3g, 마늘, 구근, 생것 0.5g, ","75.6","2.0","8.5","3.4","0.4","12.6","94.6","0.4","233.2","166.8","20.2","0.1","0.0","1.5","2.5","7008.jpg"
"조림류","꽁치조림","① 꽁치를 깨끗하게 손질한다.<br>② 냄비에 무, 양파를 깔고 꽁치, 양념장, 파, 물을 넣고 조려준다.","꽁치, 생것 30g, 무, 조선무, 뿌리 7g, 양파, 생것, 국내산 3g, 파, 대파 1g, 간장, 왜간장 1g, 간장, 재래간장 1.5g, 고추장 1g, 고추가루 0.2g, 된장, 된장 1g, 생강, 구근, 국내산 0.5g, 마늘, 구근, 생것 1g, ","88.3","1.7","6.7","5.9","0.4","18.7","75.1","0.6","261.2","140.9","24.5","0.0","0.1","2.3","2.0","7009.jpg"
"조림류","감자조림","① 양념장에 알감자를 넣어 조린다.","감자, 생것 55g, 간장, 왜간장 2g, 엿, 물엿 3g, 콩기름 1g, 마늘, 구근, 생것 0.5g, 설탕, 백설탕 1g, 깨소금 0.2g, 참기름 0.2g, ","56.4","9.9","1.6","1.4","0.8","6.7","33.5","0.5","125.2","229.5","0.0","0.0","0.0","0.8","11.6","7010.jpg"
"조림류","코다리조림","① 코다리를 깨끗하게 손질한다.<br>② 양념장을 준비한다.<br>③ 냄비에 코다리, 양념장, 물을 넣고 조려준다.","명태, 코다리 25g, 간장, 왜간장 1.5g, 고추장 1g, 토마토케찹 2g, 엿, 물엿 4g, 청주 1g, 마늘, 구근, 생것 0.5g, 생강, 구근, 국내산 0.3g, 콩기름 3g, 전분, 감자녹말 2g, ","79.0","5.9","5.7","3.5","0.1","12.3","60.9","0.2","191.1","81.4","5.6","0.0","0.0","0.5","0.4","7011.jpg"
"조림류","메추리알장조림","① 메추리알은 삶은 후 껍질을 벗긴다.<br>② 냄비에 양념장을 넣고 삶은 메추리알을 조려낸다.","메추리알, 생것 30g, 엿, 물엿 5g, 간장, 왜간장 3g, 청주 1g, 마늘, 구근, 생것 1g, 설탕, 백설탕 1g, 생강, 구근, 국내산 0.5g, 참기름 0.2g, ","75.4","5.8","4.1","3.8","0.1","23.1","77.1","1.5","223.1","75.1","129.6","0.0","0.1","0.1","0.1","7012.jpg"
"조림류","닭야채조림","① 닭은 적당한 크기로 토막내고 감자, 양파, 당근은 작게 썬다.<br>② 냄비에 닭, 양념장을 넣고 조리다가 야채를 넣고 윤기나게 조려낸다.","닭고기, 날것 40g, 감자, 생것 10g, 양파, 생것, 국내산 7g, 당근, 생것 3g, 간장, 왜간장 3g, 설탕, 백설탕 1g, 청주 1g, 마늘, 구근, 생것 1g, 생강, 구근, 국내산 0.3g, 깨소금 0.2g, ","87.2","3.5","8.1","4.3","0.5","11.0","84.3","0.6","206.4","153.4","59.7","0.1","0.1","3.1","3.8","7013.jpg"
"조림류","우엉조림","① 우엉은 삶아낸다.<br>② 냄비에 우엉과 양념장을 넣고 윤기나게 조려준다.","우엉, 생것 20g, 간장, 왜간장 3g, 엿, 물엿 3g, 설탕, 백설탕 1g, 청주 1g, 깨소금 0.2g, 참기름 0.2g, ","30.7","6.2","0.9","0.4","0.9","14.9","19.6","0.3","183.1","84.6","0.0","0.0","0.0","0.2","0.6","7014.jpg"
"조림류","땅콩조림","① 땅콩은 삶아낸다.<br>② 냄비에 땅콩과 양념장을 넣고 조려낸다.","땅콩, 생것 15g, 간장, 왜간장 2g, 엿, 물엿 3g, ","94.9","4.1","4.0","7.4","1.3","14.6","59.5","0.7","119.9","113.9","0.0","0.1","0.0","1.8","0.0","7015.jpg"
"조림류","콩자반","① 검은콩은 불린 후 삶아낸다.<br>② 냄비에 검은콩과 양념장을 넣고 윤기나게 조려낸다.","대두, 검정콩, 흑태 15g, 간장, 왜간장 2g, 엿, 물엿 3g, 설탕, 백설탕 1g, 청주 1g, 마늘, 구근, 생것 0.2g, 참기름 0.2g, ","77.6","8.3","5.4","2.6","2.6","22.3","81.0","1.3","118.0","195.0","0.0","0.0","0.0","0.4","0.0","7016.jpg"
"조림류","달걀장조림","① 달걀은 삶은 후 껍질을 벗긴다.<br>② 냄비에 양념장을 넣고 삶은 달걀을 넣어 조려준다.","계란, 전란, 생것 50g, 간장, 왜간장 2g, 설탕, 백설탕 1g, 마늘, 구근, 생것 0.5g, ","84.5","1.7","6.6","5.5","0.0","24.4","88.1","1.0","180.2","71.3","78.0","0.0","0.1","0.1","0.0","7017.jpg"
"조림류","어묵조림","① 어묵, 양파, 피망은 적당한 크기로 썬다.<br>② 냄비에 양념장을 넣고 재료들을 넣어 조려준다.","어묵, 튀김 30g, 피망, 푸른것 2g, 피망, 붉은것 2g, 양파, 생것, 국내산 2g, 간장, 왜간장 2g, 엿, 물엿 3g, 청주 1g, 마늘, 구근, 생것 0.5g, 깨소금 0.2g, ","56.2","8.2","3.8","0.8","0.2","21.4","33.5","0.4","348.5","60.0","9.1","0.0","0.0","0.2","5.1","7018.jpg"
"조림류","미트볼조림","① 팬에 미트볼을 넣어 굴려가며 익혀낸다.<br>② 야채와 소스를 넣고 조려낸다.","미트볼, 냉동 25g, 양파, 생것, 국내산 2g, 피망, 푸른것 1g, 토마토케찹 7g, 돈까스소스 1.5g, 콩기름 1g, ","80.7","5.6","3.1","5.1","0.1","6.0","30.6","0.4","220.8","83.9","9.0","0.0","0.0","0.7","2.3","7019.jpg"
"조림류","진미채조림","① 팬에 소스를 조린 후 진미를 넣고 살짝 버무려 낸다.","오징어, 훈제품 15g, 고추장 10g, 엿, 물엿 1g, 간장, 왜간장 3g, 설탕, 백설탕 1g, 마늘, 구근, 생것 0.5g, 깨소금 0.2g, 참기름 0.2g, ","70.2","9.0","6.2","0.9","0.5","10.7","60.9","0.9","557.0","202.0","38.9","0.0","0.0","2.1","0.0","7020.jpg"
"조림류","쇠고기메추리알장조림","① 메추리알은 삶은 후 껍질을 벗긴다.<br>② 쇠고기를 삶은 후, 적당한 크기로 썬다.<br>③냄비에 양념장을 넣고 삶은 메추리알과 삶은 쇠고기를 넣고 조려낸다.","메추리알, 생것 30g, 엿, 물엿 5g, 간장, 왜간장 3g, 청주 1g, 마늘, 구근, 생것 1g, 설탕, 백설탕 1g, 생강, 구근, 국내산 0.5g, 참기름 0.2g, 쇠고기, 수입우, 등심 10g, ","94.1","5.8","5.9","5.1","0.1","23.7","92.9","1.7","228.9","101.1","130.8","0.0","0.1","0.6","0.2","7021.jpg"
"조림류","가자미조림","① 가자미는 깨끗이 손질하여 적당한 크기로 포를 뜬다.<br>② 무는 한 입 크기로 썰어 반 정도 익으면 가자미와 양념장(마늘, 진간장, 고춧가루, 설탕)을 넣고 조려낸다.","가자미, 생것, 가자미 22g, 무, 조선무, 뿌리 10g, 간장, 왜간장 0.5g, 고추가루 0.1g, 설탕, 백설탕 0.2g, 마늘, 구근, 생것 0.3g, ","31.8","0.8","5.0","0.8","0.2","11.7","47.0","0.2","81.2","110.8","5.9","0.0","0.1","1.0","2.0","7022.jpg"
"조림류","갈치감자조림","① 갈치는 깨끗이 손질하여 적당한 크기로 썬다.<br>② 감자는 반달모양으로 썰어 반 정도 익으면 갈치와 양념장(마늘, 진간장, 고춧가루, 설탕), 물을 넣고 조려낸다.","갈치, 생것 30g, 감자, 생것 15g, 간장, 왜간장 0.5g, 고추가루 0.1g, 설탕, 백설탕 0.2g, 마늘, 구근, 생것 0.3g, ","53.4","2.1","5.9","2.3","0.3","6.0","65.9","0.3","72.1","146.4","10.6","0.0","0.0","1.2","3.5","7023.jpg"
"조림류","감자비엔나조림","① 깍둑썰기한  감자를 끓는 물에 익힌다.<br>② 어느정도 감자가 익으면 칼집 넣은 소시지와 양념장 (진간장, 물엿, 설탕, 청주, 참기름)을 넣고 조린다.<br>③ 참깨를 뿌려낸다.","감자, 생것 20g, 돼지고기, 돼지고기가공품, 소시지, 비엔나, 위너 15g, 간장, 왜간장 0.5g, 엿, 물엿 0.5g, 설탕, 백설탕 0.5g, 청주 0.5g, 콩기름 0.5g, 참깨, 흰깨, 볶은것 0.3g, 피망, 푸른것 1g, ","66.5","4.2","2.6","4.3","0.3","6.9","40.9","0.4","155.7","113.8","0.6","0.1","0.0","0.8","5.6","7024.jpg"
"조림류","감자쇠고기조림","① 깍둑썰기한  감자를 끓는 물에 익힌다.<br>② 어느정도 감자가 익으면 다진 쇠고기와 양념장 (진간장, 물엿, 설탕, 청주, 참기름)을 넣고 조린다.<br>③ 참깨를 뿌려낸다.","쇠고기, 한우, 우둔 10g, 감자, 생것 30g, 마늘, 구근, 생것 0.2g, 간장, 왜간장 0.5g, 엿, 물엿 0.5g, 설탕, 백설탕 0.5g, 청주 0.2g, 콩기름 0.5g, 참깨, 흰깨, 볶은것 0.3g, ","40.2","4.5","3.0","1.2","0.5","6.3","38.8","0.6","35.6","151.2","1.2","0.0","0.0","1.0","6.5","7025.jpg"
"조림류","건새우조림","① 깨끗이 손질한 건새우에 양념장(진간장, 물엿, 설탕, 참기름)을 넣고 조려낸다.<br>② 참깨를 뿌려낸다.","새우, 잔새우, 말린것 4g, 간장, 왜간장 0.2g, 엿, 물엿 0.2g, 설탕, 백설탕 0.2g, 참깨, 흰깨, 볶은것 1g, 콩기름 0.1g, ","19.7","0.7","2.5","0.8","0.1","95.6","50.9","0.3","38.9","30.2","0.0","0.0","0.0","0.3","0.0","7026.jpg"
"조림류","고구마닭조림","① 닭고기는 적당한 크기로 토막내고 고구마는 작게 썬다.<br>② 냄비에 닭과 양념장(진간장, 설탕, 청주)을 넣고 조리다가 고구마를 넣고 윤기 나게 조린다.","고구마, 생것 20g, 닭고기, 날것 60g, 간장, 왜간장 0.2g, 설탕, 백설탕 0.2g, 청주 0.2g, ","130.5","6.3","11.4","6.3","0.5","11.5","112.5","0.7","48.9","196.4","36.8","0.1","0.1","4.5","6.2","7027.jpg"
"조림류","고구마메추리알조림","① 메추리알은 삶는다.<br>② 삶은 메추리알과 고구마에 양념장(진간장, 설탕, 청주)을 넣고 조린다.","메추리알, 생것 18g, 고구마, 생것 10g, 간장, 왜간장 0.2g, 설탕, 백설탕 0.2g, 청주 0.2g, ","44.5","3.5","2.4","2.2","0.2","15.4","47.8","0.9","41.5","76.5","79.7","0.0","0.1","0.1","2.5","7028.jpg"
"조림류","고구마쇠고기조림","① 고구마를 한 입 크기로 썰어 살짝 삶는다.<br>② 잘게 썬 쇠고기를 고구마와 함께 양념장(진간장, 설탕, 물엿, 청주)을 넣어 조린다.","고구마, 생것 10g, 쇠고기, 한우, 사태 20g, 간장, 왜간장 0.2g, 설탕, 백설탕 0.2g, 청주 0.2g, 엿, 물엿 0.3g, ","41.8","3.5","5.0","12.7","0.2","4.1","46.1","0.5","24.4","90.3","4.3","0.0","0.0","1.1","2.9","7029.jpg"
"조림류","고등어김치조림","① 고등어는 깨끗이 손질하여 토막낸다.<br>② 냄비에 김치를 깔고 고등어, 양념장(진간장, 고춧가루, 설탕), 마늘, 물을 넣고 조려준다.","고등어, 생것 30g, 김치, 배추김치 15g, 간장, 왜간장 0.2g, 고추가루 0.2g, 설탕, 백설탕 0.2g, 마늘, 구근, 생것 0.2g, ","85.7","0.8","6.2","6.3","0.5","14.5","70.1","0.5","202.9","130.0","25.9","0.0","0.2","2.4","2.5","7030.jpg"
"조림류","깻잎두부조림","① 두부는 먹기 좋은 크기로 썰어 식용유에 구워낸다.<br>② 길이로 썬 깻잎으로 두부를 돌돌 말아준다.<br>③ ②의 재료에 진간장, 설탕, 마늘을 넣고 조린다.","들깻잎, 생것 3g, 두부, 두부 20g, 소금, 식염 0.01g, 콩기름 0.3g, 간장, 왜간장 0.5g, 설탕, 백설탕 0.3g, 마늘, 구근, 생것 0.5g, ","21.4","1.2","1.9","1.0","0.8","38.0","21.5","0.6","34.8","14.6","46.6","0.0","0.0","0.2","1.7","7031.jpg"
"조림류","다진쇠고기메추리알조림","① 메추리알을 삶는다.<br>② 다진쇠고기로 삶은 메추리알에 옷을 입힌다.<br>③ ②의 재료에 진간장, 설탕, 물엿, 마늘을 넣고 조린다.<br>④ 먹기 좋게 썰어낸다.","쇠고기, 한우, 우둔 15g, 메추리알, 생것 18g, 간장, 왜간장 2g, 설탕, 백설탕 2g, 엿, 물엿 1g, 마늘, 구근, 생것 0.3g, ","62.8","3.2","5.6","2.9","0.0","15.0","76.6","1.3","153.6","84.4","79.6","0.0","0.1","0.9","0.3","7032.jpg"
"조림류","단호박돈육조림","① 돼지고기는 한입크기로 썰어 삶는다.<br>② 단호박은 깍둑썰기한다.<br>③ ①과 ②의 재료에 편으로 썬 마늘, 생강, 진간장, 설탕, 청주, 후춧가루를 넣고 조린다.","돼지고기, 등심, 날것 20g, 호박, 당호박 18g, 마늘, 구근, 생것 1.5g, 생강, 구근, 국내산 0.1g, 간장, 왜간장 2g, 청주 2g, 설탕, 백설탕 0.5g, 후추, 분말 0.01g, ","59.4","2.3","4.8","3.3","0.4","6.4","50.2","0.4","129.4","129.7","35.4","0.1","0.0","1.3","4.0","7033.jpg"
"조림류","닭날개조림","① 깨끗이 손질한 닭날개를 끓는 물에  삶는다.<br>② ①의 재료에 진간장, 설탕, 마늘, 물엿, 참기름, 후추가루를 넣고 조린다.<br>③ 통깨를 뿌려낸다.","닭고기, 날개, 날것 55g, 마늘, 구근, 생것 0.3g, 간장, 왜간장 2g, 설탕, 백설탕 1g, 후추, 분말 0.01g, 마늘, 구근, 생것 1g, 엿, 물엿 1g, 콩기름 0.5g, 참깨, 흰깨, 볶은것 0.3g, ","154.8","2.2","10.5","10.9","0.1","12.2","63.6","0.6","141.5","92.3","34.7","0.0","0.1","2.0","0.1","7034.jpg"
"조림류","닭다리케찹조림","① 닭다리는 깨끗이 손질해서 삶는다.<br>② 삶은 닭다리에 진간장, 케찹, 설탕, 물엿, 마늘, 참기름, 땅콩을 넣고 조린다. <br>③ 통깨를 뿌려낸다.","닭고기, 다리, 날것 87g, 땅콩, 생것 1g, 토마토케찹 2g, 후추, 분말 0.01g, 엿, 물엿 1g, 간장, 왜간장 2g, 설탕, 백설탕 1g, 마늘, 구근, 생것 1g, 콩기름 0.5g, 참깨, 흰깨, 볶은것 0.3g, ","189.4","2.8","16.4","11.7","0.2","14.4","140.9","1.0","212.1","204.4","33.0","0.1","0.1","4.9","3.1","7035.jpg"
"조림류","돈육감자케찹조림","① 돼지고기는 한입크기로 썰어 삶고, 감자는 깍둑썰기 한다.<br>② 삶은 돼지고기와 깍둑썰은 감자에 양념장(케찹, 고추장, 설탕, 참기름, 후추, 청주)을 넣고 조린다.","돼지고기, 삼겹살 20g, 감자, 생것 20g, 토마토케찹 2g, 고추장 1g, 설탕, 백설탕 1g, 콩기름 0.5g, 후추, 분말 0.01g, 청주 1g, ","91.1","4.4","4.0","6.2","0.3","3.8","38.8","0.3","60.4","132.8","6.8","0.2","0.1","1.2","4.8","7036.jpg"
"조림류","돈육케찹조림","① 돼지고기는 얇게 썰고, 양파는 한 입 크기로 썬다.<br>② 돼지고기를 데쳐 양파, 마늘, 케찹, 진간장, 설탕, 청주를 넣고 조린다. ","돼지고기, 삼겹살 20g, 토마토케찹 2g, 양파, 생것, 국내산 5g, 설탕, 백설탕 2g, 마늘, 구근, 생것 1g, 청주 1g, 간장, 왜간장 0.3g, ","80.5","3.3","3.6","5.7","0.2","3.0","31.3","0.2","52.6","64.3","2.9","0.1","0.1","0.9","1.1","7037.jpg"
"조림류","두부땅콩조림","① 두부는 깍둑썰기하여 기름에 살짝 굽는다.<br>② 땅콩은 삶아준다.<br>③ 두부와 땅콩에 진간장, 물엿을 넣고 조린다.","두부, 두부 10g, 땅콩, 생것 7g, 간장, 왜간장 2g, 엿, 물엿 2g, 콩기름 1g, ","63.4","2.7","2.8","4.8","0.9","23.1","38.4","0.6","119.4","57.5","0.0","0.0","0.0","0.9","0.0","7038.jpg"
"조림류","두부어묵조림","① 두부는 깍둑썰기하고 어묵은 네모썰기한다.<br>② ①의 재료에 굴소스, 설탕, 청주를 넣고 조린다.<br>③ 통깨를 뿌려낸다.","두부, 두부 20g, 어묵, 튀김 10g, 굴소스 2g, 설탕, 백설탕 1g, 청주 1g, 참깨, 흰깨, 볶은것 0.3g, ","36.5","3.5","2.9","1.1","0.5","41.1","28.7","0.6","76.8","14.0","0.0","0.0","0.0","0.2","0.0","7039.jpg"
"조림류","마늘쫑감자조림","① 마늘쫑은 길이로 잘라 끓는 물에 살짝 데쳐낸다.<br>② 감자는 길이로 썰고 식용유에 살짝 굽는다<br>③ 마늘쫑과 감자를 진간장, 설탕을 넣고 조린다.<br>④ 통깨를 뿌려낸다.","마늘, 마늘쫑 5g, 감자, 생것 15g, 간장, 왜간장 2g, 참깨, 흰깨, 볶은것 0.3g, 설탕, 백설탕 1g, ","17.5","3.5","0.7","0.2","0.5","6.4","15.7","0.2","118.1","82.5","2.4","0.0","0.0","0.3","6.0","7040.jpg"
"조림류","마늘쫑조림","① 마늘쫑은 길이로 썰어 끓는 물에 살짝 데쳐낸다.<br>② 잔멸치는 기름없이 팬에 살짝 볶아준다.<br>③ 마늘쫑과 잔멸치에 굴소스, 물엿을 넣고 조린다.<br>④ 통깨를 뿌려낸다.","마늘, 마늘쫑 5g, 멸치, 자건품소 2g, 굴소스 2g, 참깨, 흰깨, 볶은것 0.3g, 엿, 물엿 1g, ","12.0","1.4","1.1","0.3","0.3","22.9","24.5","0.2","65.5","38.0","2.4","0.0","0.0","0.2","2.8","7041.jpg"
"조림류","메추리알어묵조림","① 메추리알을 삶는다.<br>② 삶은 메추리알과 사각으로 썬 어묵에 케찹, 진간장, 설탕, 청주를 넣고 조린다.","메추리알, 생것 17g, 토마토케찹 2g, 설탕, 백설탕 1g, 어묵, 튀김 10g, 청주 1g, 간장, 왜간장 1g, ","50.7","3.7","3.4","2.3","0.0","18.8","50.8","1.0","186.1","56.3","75.1","0.0","0.1","0.1","0.4","7042.jpg"
"조림류","멸치두부조림","① 두부는 깍둑썰어 팬에 기름을 두르고 살짝 굽는다.<br>② 잔멸치는 기름없이 팬에 살짝 볶아준다.<br>③ ①과 ②의 재료에 진간장, 고춧가루, 마늘, 참기름을 넣고 조린다.","두부, 두부 20g, 멸치, 자건품소 2g, 참기름 0.3g, 마늘, 구근, 생것 0.5g, 고추가루 0.2g, 간장, 왜간장 0.5g, 콩기름 0.3g, ","27.3","0.8","2.7","1.4","0.6","50.5","39.7","0.7","96.2","33.6","6.7","0.0","0.0","0.3","0.1","7043.jpg"
"조림류","멸치조림","① 팬에 기름을 두르고 멸치를 볶는다.<br>② ①의 재료에 마늘, 진간장, 설탕, 참기름을 넣고 조린다.<br>③ 통깨를 뿌려낸다.","멸치, 자건품소 3g, 마늘, 구근, 생것 0.3g, 간장, 왜간장 0.5g, 설탕, 백설탕 0.5g, 콩기름 0.3g, 참깨, 흰깨, 볶은것 0.1g, ","12.9","0.6","1.4","0.5","0.0","28.8","31.3","0.2","126.8","38.9","0.0","0.0","0.0","0.2","0.0","7044.jpg"
"조림류","문어조림","① 문어는 깨끗이 씻어 끓는 물에 데쳐낸다.<br>② 데친 문어에 진간장, 마늘, 설탕을 넣고 조린다.<br>③ 통깨를 뿌려낸다.","문어, 생것 60g, 간장, 왜간장 1g, 마늘, 구근, 생것 0.3g, 설탕, 백설탕 1g, 참깨, 흰깨, 볶은것 1g, ","55.0","1.4","9.6","1.0","0.1","30.6","120.9","0.7","185.3","190.6","0.0","0.0","0.1","1.4","0.0","7045.jpg"
"조림류","뱅어포조림","① 뱅어포는 한 입 크기로 잘라 튀겨낸다.<br>② 튀긴 뱅어포에 마늘, 진간장, 물엿을 넣고 조린다.","뱅어, 포 3g, 참깨, 흰깨, 볶은것 0.5g, 마늘, 구근, 생것 1g, 간장, 왜간장 0.5g, 엿, 물엿 1g, 콩기름 2g, ","35.8","1.1","2.0","2.6","0.1","35.6","32.4","0.2","49.8","45.8","0.0","0.0","0.0","0.2","0.1","7046.jpg"
"조림류","병어조림","① 병어는 잘 손질하여 팬에 기름을 두르고 굽는다.<br>② 구운 병어에 마늘, 파, 진간장, 설탕을 넣고 조린다.","병어 30g, 마늘, 구근, 생것 0.2g, 파, 대파 1g, 콩기름 1g, 간장, 왜간장 2g, 설탕, 백설탕 1g, ","63.5","1.2","4.6","4.3","0.0","6.8","46.8","0.1","182.6","91.6","25.0","0.0","0.0","0.5","0.2","7047.jpg"
"조림류","삼치무조림","① 삼치를 깨끗하게 손질하여 토막을 낸다.<br>② 냄비에 무를 깔고 삼치를 얹여 마늘, 고춧가루, 진간장, 설탕, 참기름, 물을 넣고 조린다.","삼치, 생것 30g, 무, 조선무, 뿌리 17g, 마늘, 구근, 생것 0.2g, 고추가루 0.2g, 간장, 왜간장 0.2g, 설탕, 백설탕 0.2g, 콩기름 0.1g, ","59.0","1.0","6.0","3.3","0.4","9.2","75.2","0.2","46.7","139.5","22.8","0.0","0.1","1.5","2.6","7048.jpg"
"조림류","쇠고기우엉조림","① 쇠고기와 우엉을 적당한 크기로 채썰어 끓는 물에 익힌다.<br>② ①의 재료에 진간장, 설탕, 물엿을 넣고 조려낸다.","쇠고기, 한우, 사태 10g, 우엉, 생것 7g, 간장, 왜간장 3g, 설탕, 백설탕 2g, 엿, 물엿 2g, 마늘, 구근, 생것 1g, 후추, 분말 0.01g, ","34.3","4.9","3.0","6.4","0.4","6.1","31.6","0.4","181.8","67.3","1.2","0.0","0.0","0.6","0.5","7049.jpg"
"조림류","아몬드멸치조림","① 멸치와 잘게 자른 아몬드를 식용에 살짝 볶는다.<br>② 볶은 멸치와 아몬드에 진간장, 설탕, 물엿을 넣고 조린다.","아몬드, 말린것 3g, 멸치, 자건품소 4g, 간장, 왜간장 2g, 설탕, 백설탕 1g, 엿, 물엿 1g, 콩기름 2g, ","53.0","2.4","2.5","3.8","0.3","45.0","56.4","0.4","247.3","77.1","0.0","0.0","0.0","0.4","0.0","7050.jpg"
"조림류","어묵감자조림","① 감자는 끓는물에 살짝 삶아준다.<br>② 어묵, 양파, 당근을 적당한 크기로 자른다.<br>③ 팬에 기름을 두르고 감자와 어묵을 볶는다.<br>④ ③의 재료에 양파, 당근, 진간장, 설탕, 마늘을 넣고 조린다.","감자, 생것 20g, 어묵, 튀김 10g, 양파, 생것, 국내산 5g, 당근, 생것 1g, 간장, 왜간장 1g, 설탕, 백설탕 0.5g, 마늘, 구근, 생것 0.5g, 콩기름 1g, ","39.0","5.2","1.9","1.3","0.4","8.6","23.6","0.3","134.7","109.4","12.6","0.0","0.0","0.3","4.7","7051.jpg"
"조림류","홍합조림","① 홍합은 잘 손질하여 끓는 물에 살짝 데친다.<br>② 데친 홍합에 진간장, 설탕 참기름, 후추가루를 넣고 조린다.","홍합, 생것 20g, 간장, 왜간장 2g, 설탕, 백설탕 2g, 콩기름 0.5g, 후추, 분말 0.01g, ","27.8","2.8","2.2","0.8","0.0","12.5","38.7","0.6","213.8","49.2","0.0","0.0","0.0","0.4","0.6","7052.jpg"
"조림류","la갈비조림","① 핏물을 제거한 갈비에 양파즙, 진간장, 마늘, 설탕, 청주를 넣어 30분 이상 재워둔다. <br>② 재워둔 갈비를 조려낸다.","쇠고기, 수입우, 갈비, 날것 70g, 양파, 생것, 국내산 5g, 간장, 왜간장 3g, 마늘, 구근, 생것 1.5g, 설탕, 백설탕 1.5g, 청주 1.5g, ","187.6","2.7","13.6","12.6","0.2","8.5","114.5","1.6","206.9","253.0","8.4","0.0","0.1","3.7","1.2","7053.jpg"
"조림류","참치어묵조림","① 구멍 어묵은 끓는 물에 살짝 데쳐낸다.<br>② 참치는 기름을 최대한 빼고 청피망, 홍피망, 양파는 곱게 다져 섞는다.<br>③ ②의 재료를 구멍 어묵 속에 꽉꽉 채운다.<br>④ 냄비에 진간장, 설탕, 물엿, 후추를 넣고 끓이다가 어묵을 굴리면서 조린다.<br>⑤ 냄비 바닥에 조림장이 살짝 남을 정도로 조린 후 식으면 적당한 두께로 잘라준다.","다랑어, 후레쉬참치, 동원산업 25g, 어묵, 튀김 10g, 양파, 생것, 국내산 5g, 피망, 푸른것 5g, 피망, 붉은것 2g, 당근, 생것 1g, 간장, 왜간장 0.2g, 엿, 물엿 0.2g, 마늘, 구근, 생것 0.2g, ","46.1","2.8","6.7","0.9","0.3","8.4","57.2","1.1","181.1","96.2","23.6","0.0","0.0","3.1","7.0","7054.jpg"
"조림류","떡갈비조림","① 다진 쇠고기에 진간장, 설탕, 마늘, 미림, 참기름을 넣고 섞어 치댄다.<br>② 2.5cm 길이로 자른 가래떡을 둥글게 빚은 ①의 재료에 꽂아 버섯모양으로 만든다.<br>③ 팬에 진간장, 미림, 물엿, 참기름, 물을 넣고 끓이다가 떡갈비를 넣어 조린다.","쇠고기, 한우, 우둔 30g, 떡복이, 인스턴트 20g, 간장, 왜간장 3g, 설탕, 백설탕 1.5g, 콩기름 1g, 마늘, 구근, 생것 0.2g, 후추, 분말 0.01g, 미림 0.5g, ","103.6","12.2","7.6","2.5","1.2","4.1","77.0","1.3","192.0","96.6","3.6","0.0","0.1","2.8","0.6","7055.jpg"
"조림류","닭가슴살채소말이조림","① 닭가슴살은 얇게 포를 떠서 후추, 소금간을 한다.<br>② 당근, 양파, 청피망은 채썰어 닭가슴살에 올려 김밥 말듯 말아서 이쑤시개로 고정해준다.<br>③ 팬에 진간장, 청주, 설탕, 물엿, 후추, 참기름, 물을 넣고 끓이다가 닭가슴살을 넣고 조린다.<br>④ 한 입 크기로 예쁘게 썰어낸다.","닭고기, 가슴살, 날것 30g, 당근, 생것 3g, 양파, 생것, 국내산 3g, 피망, 푸른것 3g, 간장, 왜간장 2g, 마늘, 구근, 생것 1g, 설탕, 백설탕 1.5g, 엿, 물엿 1.5g, 후추, 분말 0.01g, 청주 1g, ","48.8","3.6","7.3","0.4","0.3","6.2","66.8","0.3","137.9","112.7","41.1","0.0","0.0","3.4","2.4","7056.jpg"
"조림류","두부떡간장조림","① 두부는 깍둑썰기하고 떡은 한 입 크기로 잘라 기름에 살짝 구워준다.<br>② ①의 재료에 굴소스, 마늘, 설탕, 참기름을 넣고 조린다.<br>③ 검은깨를 뿌려낸다.","두부, 두부 30g, 떡복이, 인스턴트 20g, 굴소스 1g, 마늘, 구근, 생것 0.3g, 설탕, 백설탕 0.5g, 참기름 0.2g, 콩기름 1g, 참깨, 검정깨, 볶은것 0.2g, ","83.7","11.8","3.5","2.4","2.0","50.3","39.1","1.2","2.7","3.1","0.0","0.0","0.0","1.2","0.0","7057.jpg"
"조림류","두부볼케찹조림","① 두부는 으깨고 당근, 양파는 잘게 다져 섞은 후 적당한 크기로 동글하게 뭉친다.<br>② 케찹, 고추장, 설탕, 물을 넣고 끓이다가 ①의 재료를 넣어 조린다.","두부, 두부 35g, 당근, 생것 2g, 양파, 생것, 국내산 2g, 토마토케찹 3g, 고추장 1g, 설탕, 백설탕 1g, ","38.6","3.6","3.1","1.3","1.0","57.8","35.3","1.0","67.8","28.0","31.6","0.0","0.0","0.3","0.8","7058.jpg"
"조림류","닭봉조림","① 닭봉을 깨끗하게 손질한다.<br>② 닭봉에 진간장, 마늘, 설탕, 물, 청주, 물엿, 후추를 넣고 조린다. ","닭고기, 날개, 날것 80g, 간장, 왜간장 4g, 설탕, 백설탕 2g, 엿, 물엿 1g, 마늘, 구근, 생것 2g, 청주 2g, 후추, 분말 0.01g, ","219.8","3.5","15.3","14.9","0.2","13.2","92.0","0.9","269.7","137.4","50.4","0.0","0.1","2.9","0.2","7059.jpg"
"조림류","장산적조림","① 다진 쇠고기와 으깬두부는 후추와 소금을 넣고 간하여 잘 치댄다.<br>② ①의 재료를 1cm 두께로 네모 반듯하게 만들어 위를 칼등으로 자근자근 두들긴다.<br>③ 팬에 기름을 두르고 구워낸다.<br>④ 익은 고기를 적당한 크기로 썰어 진간장, 설탕을 넣고 조린 후 잣가루를 뿌려낸다.","쇠고기, 한우, 우둔 25g, 두부, 두부 10g, 간장, 왜간장 2g, 설탕, 백설탕 1g, 콩기름 1g, 잣, 말린것 1g, ","61.8","1.5","6.5","3.2","0.3","18.9","69.0","1.1","131.6","83.3","3.0","0.0","0.1","1.6","0.5","7060.jpg"
"나물,무침류","시금치나물","① 시금치를 깨끗하게 씻고 살짝 데친다.<br>② 양념으로 버무린다.","시금치, 생것, 노지 20g, 간장, 재래간장 1g, 마늘, 구근, 생것 0.5g, 깨소금 0.2g, 참기름 0.2g, ","10.1","1.2","0.8","0.4","0.7","10.9","9.6","0.6","88.7","107.8","121.4","0.0","0.1","0.1","12.0","8001.jpg"
"나물,무침류","오이무침","① 오이는 소금으로 비벼 깨끗이 씻는다.<br>② 오이를 둥글게 썰고, 양파는 채썬다.<br>③ 양념장을 만들어 오이와 양파를 양념장으로 버무린다.","오이, 생것, 재래종 20g, 양파, 생것, 국내산 2g, 간장, 재래간장 1g, 고추장 1g, 식초 1g, 마늘, 구근, 생것 0.5g, 설탕, 백설탕 0.3g, 소금, 식염 0.2g, 깨소금 0.2g, ","8.3","1.4","0.4","0.2","0.3","9.1","12.6","0.1","171.3","47.9","9.9","0.0","0.0","0.1","2.2","8002.jpg"
"나물,무침류","콩나물무침","① 콩나물은 깨끗하게 씻어 꼬리를 손질한 후, 데친다.<br>② 양념장을 만들어 콩나물과 버무린다.","콩나물, 생것 20g, 파, 대파 0.2g, 마늘, 구근, 생것 0.2g, 고추가루 0.1g, 깨소금 0.2g, 참기름 0.2g, ","9.5","0.4","1.1","0.6","0.6","8.9","14.4","0.2","6.9","47.9","3.6","0.0","0.0","0.2","1.7","8003.jpg"
"나물,무침류","숙주나물","① 숙주나물은 깨끗하게 씻어 꼬리를 손질한 후, 데친다.<br>② 양념장을 만들어 숙주나물과 버무린다.","숙주나물, 생것 20g, 파, 대파 0.2g, 마늘, 구근, 생것 0.2g, 참기름 0.3g, 소금, 식염 0.2g, ","5.1","0.3","0.5","0.3","0.4","3.3","6.9","0.1","67.8","26.6","1.1","0.0","0.0","0.1","2.1","8004.jpg"
"나물,무침류","과일샐러드","① 바나나, 사과, 키위, 방울토마토를 먹기 좋은 크기로 자른다.<br>② 호상딸기 요구르트와 마요네즈에 과일을 섞는다.","바나나, 생과 8g, 사과, 생과, 부사 8g, 키위 10g, 체리토마토 10g, 요구르트, 호상 3g, 마요네즈 3g, ","41.8","5.4","0.5","2.3","0.4","10.8","13.7","0.2","17.9","80.4","27.0","0.0","0.0","0.2","6.0","8005.jpg"
"나물,무침류","도토리묵무침","① 도토리묵을 먹기 좋은 크기로 자른다. ② 당근, 오이를 채썬다. ③ 진간장과 국간장, 설탕, 파 ,마늘, 고춧가루, 깨소금, 참기름을 넣고 버무린다.","도토리묵 20g, 당근, 생것 1g, 오이, 생것, 재래종 2g, 간장, 왜간장 1g, 간장, 재래간장 1g, 설탕, 백설탕 1g, 파, 대파 1g, 마늘, 구근, 생것 0.5g, 고추가루 0.1g, 깨소금 0.2g, 참기름 0.2g, ","18.1","3.5","0.3","0.4","0.4","6.3","12.2","0.2","147.9","24.4","17.8","0.0","0.0","0.1","0.5","8006.jpg"
"나물,무침류","무생채","① 무를 채썰어, 고춧가루로 물을 들인다.<br>② 무에 소금, 마늘, 설탕, 식초, 깨소금, 참기름을 넣고 버무린다.","무, 조선무, 뿌리 15g, 소금, 식염 0.2g, 마늘, 구근, 생것 1g, 설탕, 백설탕 1g, 식초 1g, 깨소금 0.2g, 참기름 0.2g, ","10.8","1.8","0.2","0.3","0.3","6.6","6.8","0.2","75.5","39.9","1.2","0.0","0.0","0.1","2.3","8007.jpg"
"나물,무침류","청경채버섯무침","① 청경채와 느타리 버섯은 살짝 데쳐둔다.<br>② 적당한 크기로 자른 후 깨소금, 참기름으로 무친다.","청경채 중국채소 15g, 느타리버섯, 생것 10g, 소금, 식염 0.2g, 깨소금 0.2g, 참기름 0.2g, ","7.6","0.8","0.5","0.4","0.9","16.3","17.7","0.3","75.9","61.6","51.8","0.0","0.0","0.6","7.5","8008.jpg"
"나물,무침류","상추겉절이","① 상추와 깻잎을 먹기 좋은 크기로 찢고, 당근은 채썬다.<br>② 진간장과 소금, 마늘, 설탕, 식초, 고춧가루, 깨소금, 참기름을 넣고 버무린다.","상추, 개량종 10g, 들깻잎, 생것 1g, 당근, 생것 1.5g, 간장, 왜간장 0.5g, 소금, 식염 0.2g, 마늘, 구근, 생것 0.5g, 설탕, 백설탕 1g, 식초 1g, 고추가루 0.1g, 깨소금 0.2g, 참기름 0.2g, ","10.7","1.7","0.3","0.4","0.4","11.1","8.0","0.3","103.9","41.6","74.2","0.0","0.0","0.1","2.6","8009.jpg"
"나물,무침류","파래무침","① 파래를 먹기 좋은 크기로 손질하고, 무는 채썬다.<br>② 식초와 국간장, 마늘, 소금, 설탕, 깨소금, 참기름을 넣어 버무린다.","파래, 말린것 6g, 무, 조선무, 뿌리 7g, 식초 1g, 간장, 재래간장 0.5g, 마늘, 구근, 생것 0.5g, 소금, 식염 0.2g, 설탕, 백설탕 1g, 깨소금 0.2g, 참기름 0.2g, ","21.8","4.0","1.6","0.4","2.0","43.8","13.7","1.1","272.2","58.8","7.3","0.0","0.0","0.6","1.7","8010.jpg"
"나물,무침류","청포묵무침","① 청포묵은 먹기 좋은 크기로 깍둑썰기하고, 오이와 당근은 적당한 크기로 썬다.<br>② 숙주는 살짝 데치고, 쇠고기는 적당한 크기로 썰어 볶는다.<br>③ 양념을 만들어 준비된 재료를 양념과 함께 섞고 김은 부셔 넣는다.","녹두묵 20g, 당근, 생것 1g, 숙주나물, 생것 2g, 오이, 생것, 재래종 3g, 쇠고기, 수입우, 등심 2g, 콩기름 2g, 식초 1g, 간장, 왜간장 2g, 김 참김, 마른김 0.5g, 마늘, 구근, 생것 0.5g, 설탕, 백설탕 0.3g, 깨소금 0.2g, 참기름 0.2g, ","36.8","2.7","0.9","2.6","0.4","7.5","20.8","0.3","135.0","46.9","32.5","0.0","0.0","0.2","1.1","8011.jpg"
"나물,무침류","오징어채무침","① 오징어를 적당한 길이로 썰고 당근, 오이, 양배추는 채썬다.<br>② 양념을 만들고 재료를 양념에 무친다.","오징어, 훈제품 14g, 당근, 생것 4g, 오이, 생것, 재래종 6g, 양배추, 생것 6g, 설탕, 백설탕 1g, 엿, 물엿 1g, 고추가루 0.1g, 식초 0.5g, 파, 대파 1g, 마늘, 구근, 생것 0.5g, 깨소금 0.2g, 참기름 0.2g, ","48.9","5.3","5.2","0.7","0.4","10.2","44.7","0.7","123.8","182.1","56.9","0.0","0.0","1.8","2.9","8012.jpg"
"나물,무침류","취나물무침","① 취나물을 충분히 데치고, 양념을 만들어 취나물을 양념에 무친다.","취나물, 생것 10g, 참기름 0.2g, 간장, 재래간장 1.4g, 콩기름 1g, 마늘, 구근, 생것 0.5g, 깨소금 0.2g, 소금, 식염 0.2g, ","16.2","0.8","0.5","1.4","0.7","15.5","10.5","0.3","175.3","56.1","59.4","0.0","0.0","0.1","1.4","8013.jpg"
"나물,무침류","열무된장무침","① 열무는 부드럽게 데쳐낸다.<br>② 적당히 자른 열무에 된장양념을 넣어 무친다.","무, 열무 20g, 된장, 된장 1g, 고추장 0.3g, 마늘, 구근, 생것 0.5g, 깨소금 0.2g, 참기름 0.2g, ","8.0","0.7","0.6","0.4","0.5","24.2","13.3","0.2","59.0","64.6","21.2","0.0","0.0","0.1","8.2","8014.jpg"
"나물,무침류","비름나물","① 비름나물을 데친 후 헹궈 양념을 넣고 무친다.","비름, 생것 10g, 간장, 재래간장 1g, 소금, 식염 0.2g, 마늘, 구근, 생것 0.5g, 깨소금 0.2g, 참기름 0.2g, ","7.1","0.6","0.5","0.4","0.6","19.9","9.5","0.6","151.6","51.5","42.9","0.0","0.0","0.1","3.6","8015.jpg"
"나물,무침류","깻잎나물","① 깻잎순을 데친 후 헹궈 양념을 넣고 무친다.","들깻잎, 생것 10g, 간장, 재래간장 1g, 고추가루 0.1g, 파, 대파 1g, 마늘, 구근, 생것 0.5g, 깨소금 0.2g, 참기름 0.2g, 소금, 식염 0.2g, ","7.5","0.7","0.6","0.4","0.9","23.7","10.2","0.4","146.2","42.4","160.0","0.0","0.0","0.2","5.8","8016.jpg"
"나물,무침류","야채겉절이","① 무는 채썰고, 배추는 적당한 크기로 썬다.<br>② 양념을 만들어 재료를 양념에 무친다.","무, 조선무, 뿌리 14g, 배추, 얼갈이 14g, 간장, 재래간장 1.4g, 간장, 왜간장 0.3g, 참기름 0.2g, 고추가루 0.1g, 마늘, 구근, 생것 0.5g, 설탕, 백설탕 1g, 깨소금 0.5g, 식초 1g, ","14.4","2.0","0.6","0.5","0.5","19.2","15.9","0.4","136.2","80.3","13.0","0.0","0.0","0.2","5.5","8017.jpg"
"나물,무침류","가지나물","① 가지는 반으로 갈라 찜통에 찐다.<br>② 양념을 만든다.<br>③ 가지를 알맞게 찢어 양념과 함께 버무린다.","가지, 생것 20g, 간장, 재래간장 1g, 고추가루 0.1g, 파, 대파 1g, 마늘, 구근, 생것 0.5g, 소금, 식염 0.2g, 깨소금 0.2g, 참기름 0.2g, ","7.8","1.0","0.4","0.4","0.5","7.5","10.2","0.1","145.7","54.1","5.9","0.0","0.0","0.1","1.1","8018.jpg"
"나물,무침류","야채샐러드","① 상추를 먹기 좋은 크기로 찢는다.<br>② 양배추는 채 썰고, 오이, 당근, 사과를 먹기 좋은 크기로 썬다.<br>③ 마요네즈를 넣어 버무린다.","상추, 개량종 3g, 양배추, 생것 10g, 오이, 생것, 재래종 7g, 당근, 생것 2g, 사과, 생과, 부사 5g, 마요네즈 3g, ","27.5","1.9","0.3","2.2","0.4","8.8","8.1","0.2","18.3","53.3","39.1","0.0","0.0","0.1","4.5","8019.jpg"
"나물,무침류","김가루무침","① 김은 잘게 부수고, 실파는 적당한 크기로 썬다.<br>② 양념을 만들어 김과 실파를 넣고 함께 섞는다.","김 참김, 마른김 2.5g, 파, 소파 0.5g, 간장, 왜간장 1g, 마늘, 구근, 생것 0.5g, 깨소금 0.2g, 참기름 0.2g, ","10.4","1.2","1.1","0.4","0.9","11.4","23.1","0.5","97.2","96.4","94.4","0.0","0.1","0.3","2.5","8020.jpg"
"나물,무침류","도라지오이생채","① 오이는 적당한 크기로 자른다.<br>② 도라지는 소금으로 비벼 씻은 후 알맞은 크기로 자른다.<br>③ 도라지와 오이를 고추장, 고춧가루와 함께 버무린다.","도라지, 생것 10g, 오이, 생것, 재래종 10g, 고추장 1.5g, 고추가루 0.1g, ","12.7","2.8","0.4","0.1","0.6","7.4","9.1","0.3","39.2","70.9","12.2","0.0","0.0","0.1","2.2","8021.jpg"
"나물,무침류","도라지나물","① 도라지를 삶은 후 국간장과 소금, 마늘, 깨소금, 참기름을 넣어 버무린다.","도라지, 생것 15g, 간장, 재래간장 1g, 소금, 식염 0.2g, 마늘, 구근, 생것 0.5g, 깨소금 0.2g, 참기름 0.2g, ","16.5","3.1","0.4","0.4","0.7","8.8","8.9","0.4","146.6","76.7","0.0","0.0","0.0","0.1","1.8","8022.jpg"
"나물,무침류","쫄면야채무침","① 쫄면은 삶고 야채는 채썬다.<br>② 고추장소스를 만들어 쫄면과 야채를 무친다.","쫄면, 마른것 15g, 양배추, 생것 7g, 콩나물, 생것 7g, 오이, 생것, 재래종 4g, 들깻잎, 생것 0.8g, 마늘, 구근, 생것 0.5g, 엿, 물엿 3g, 설탕, 백설탕 0.3g, 고추장 5g, 식초 1g, 깨소금 0.3g, 참기름 0.5g, ","83.4","14.0","1.9","1.0","1.2","19.6","44.0","0.5","135.9","64.6","33.3","0.1","0.0","0.6","3.5","8023.jpg"
"나물,무침류","달래오이무침","① 오이는 적당한 크기로 자른다.<br>② 달래는 잘 손질한다.<br>③ 달래와 오이를 고추장, 고춧가루와 함께 버무린다.","간장, 왜간장 0.5g, 고추가루 0.5g, 고추장 1g, 달래 5g, 설탕, 백설탕 1g, 소금, 식염 0.1g, 식초 1g, 오이, 생것, 재래종 10g, ","10.0","2.0","0.4","0.1","0.5","10.0","9.9","0.2","88.9","55.2","38.9","0.0","0.0","0.2","2.8","8024.jpg"
"나물,무침류","감자샐러드","① 감자의 껍질을 벗겨 삶아 으깬다.<br>② 당근은 작게 깍뚝썰기해서 데친다.<br>③ 으깬감자, 당근, 건포도에 마요네즈를 넣고 버무린다.","감자, 생것 25g, 당근, 생것 1.5g, 포도, 건포도 2g, 마요네즈 4g, ","46.0","4.6","0.8","2.9","0.5","4.1","17.0","0.3","23.4","118.7","19.5","0.0","0.0","0.4","5.3","8025.jpg"
"나물,무침류","골뱅이무침","① 골뱅이는 물기를 제거한 후 적당한 크기로 썬다.<br>② 오이와 당근은 어슷썰기하고 양파는 채썬다. <br>③ 고추장, 고추가루, 식초, 설탕, 마늘, 소금, 참기름으로 양념장을 만든다.<br>④ ①과 ②의 재료에 양념장으로 버무려 참깨를 뿌려낸다.","매끈이고둥, 통조림 골뱅이통조림 15g, 오이, 생것, 재래종 3g, 당근, 생것 3g, 양파, 생것, 국내산 3g, 참기름 0.2g, 참깨, 흰깨, 볶은것 0.2g, 마늘, 구근, 생것 0.3g, 식초 0.3g, 설탕, 백설탕 1g, 고추장 0.5g, 고추가루 0.2g, ","24.1","2.5","2.4","0.5","0.3","9.8","17.6","0.2","92.3","38.4","47.6","0.0","0.0","0.2","0.8","8026.jpg"
"나물,무침류","과일요구르트샐러드","① 사과, 파인애플, 귤, 키위는 적당한 크기로 깍둑썬다.<br>② ①에 요구르트,  마요네즈,  땅콩을 넣고 가볍게 섞어 버무린다.","사과, 생과, 부사 8g, 귤, 생과, 조생 8g, 파인애플, 생과 8g, 요구르트, 호상 4g, 땅콩, 볶은것 2g, 키위 8g, 마요네즈 2g, ","42.5","4.6","0.9","2.6","0.5","13.0","18.3","0.2","12.2","62.3","3.1","0.0","0.0","0.5","6.8","8027.jpg"
"나물,무침류","구운가지무침","① 가지는 적당한 크기로 어슷썰어 팬에 구워낸다.<br>② 청피망, 홍피망을 잘게 다져 참기름, 간장을 넣고 버무린다.<br>③ ①에 ②를 얹여낸다.","가지, 생것 20g, 피망, 푸른것 2g, 피망, 붉은것 2g, 콩기름 0.3g, 참기름 0.5g, 간장, 왜간장 0.5g, ","11.4","0.9","0.2","0.8","0.4","4.2","7.5","0.1","30.0","52.6","10.3","0.0","0.0","0.1","5.7","8028.jpg"
"나물,무침류","근대무침","① 근대의 껍질을 벗기고 살짝 데쳐 씻어 물기를 뺀다.<br>② 국간장, 설탕, 마늘, 깨소금, 참기름으로 양념장을 만든다.<br>③ 근대에 양념장을 넣고 무쳐준다.","근대, 생것 20g, 간장, 왜간장 0.5g, 설탕, 백설탕 0.3g, 참기름 0.3g, 마늘, 구근, 생것 0.3g, 깨소금 0.2g, ","9.0","0.9","0.6","0.5","0.6","20.1","12.0","0.5","65.8","80.6","101.6","0.0","0.0","0.1","3.2","8029.jpg"
"나물,무침류","깻잎나물무침","① 깻잎은 살짝 데쳐 씻어 물기를 뺀다.<br>② 깻잎에 국간장, 마늘, 참기름, 깨소금으로 양념장을 넣고 무쳐낸다.","들깻잎, 생것 10g, 간장, 왜간장 0.2g, 마늘, 구근, 생것 0.2g, 참기름 0.3g, 깨소금 0.2g, ","7.1","0.5","0.5","0.5","0.8","22.4","7.8","0.4","19.1","32.7","155.3","0.0","0.0","0.1","5.5","8030.jpg"
"나물,무침류","단배추된장무침","① 단배추는 씻어서 삶은 후 헹궈 물기를 빼고 먹기 좋게 썰어준다.<br>② 된장, 마늘, 고추가루, 참기름, 깨소금으로 양념장을 만든다.<br>③ 단배추에 양념장을 넣고 무쳐낸다.","배추, 생것 15g, 된장, 된장 1g, 마늘, 구근, 생것 0.2g, 고추가루 0.1g, 참기름 0.2g, 깨소금 0.2g, ","6.9","0.6","0.4","0.4","0.3","8.8","10.4","0.1","47.7","39.7","4.3","0.0","0.0","0.1","4.2","8031.jpg"
"나물,무침류","단호박고구마샐러드","① 고구마와 단호박은 깨끗이 씻어 적당한 크기로 썬 후 찜통에 찐다.<br>② 당근은 깨끗이 씻은 후 옥수수 크기로 썰어 살짝 데친다.<br>③ 마요네즈, 설탕을 섞어 소스를 만든다.<br>④ 고구마, 단호박, 옥수수, 당근, 건포도에 소스를 넣고 섞어낸다.","고구마, 생것 10g, 옥수수, 옥수수통조림, 가당 3g, 당근, 생것 1.5g, 설탕, 백설탕 0.2g, 호박, 당호박 10g, 마요네즈 8g, 포도, 건포도 1.5g, ","76.2","5.8","0.6","5.8","0.6","7.8","15.8","0.2","53.8","93.2","41.2","0.0","0.0","0.2","4.6","8032.jpg"